-- phpMyAdmin SQL Dump
-- version 5.2.1
-- https://www.phpmyadmin.net/
--
-- Gép: 127.0.0.1
-- Létrehozás ideje: 2024. Már 21. 19:54
-- Kiszolgáló verziója: 10.4.32-MariaDB
-- PHP verzió: 8.0.30

SET SQL_MODE = "NO_AUTO_VALUE_ON_ZERO";
START TRANSACTION;
SET time_zone = "+00:00";


/*!40101 SET @OLD_CHARACTER_SET_CLIENT=@@CHARACTER_SET_CLIENT */;
/*!40101 SET @OLD_CHARACTER_SET_RESULTS=@@CHARACTER_SET_RESULTS */;
/*!40101 SET @OLD_COLLATION_CONNECTION=@@COLLATION_CONNECTION */;
/*!40101 SET NAMES utf8mb4 */;

--
-- Adatbázis: `auth`
--
DROP DATABASE IF EXISTS `auth`;
CREATE DATABASE IF NOT EXISTS `auth` DEFAULT CHARACTER SET utf8mb4 COLLATE utf8mb4_general_ci;
USE `auth`;

-- --------------------------------------------------------

--
-- Tábla szerkezet ehhez a táblához `blacklisted_tokens`
--

DROP TABLE IF EXISTS `blacklisted_tokens`;
CREATE TABLE `blacklisted_tokens` (
  `token_id` varchar(254) NOT NULL,
  `token` text NOT NULL,
  `blacklisted_status_expires` datetime NOT NULL
) ENGINE=InnoDB DEFAULT CHARSET=utf8mb4 COLLATE=utf8mb4_hungarian_ci;

--
-- A tábla adatainak kiíratása `blacklisted_tokens`
--

INSERT INTO `blacklisted_tokens` (`token_id`, `token`, `blacklisted_status_expires`) VALUES
('00d23acc-c205-48ae-980b-8b8d13a2f709', 'eyJhbGciOiJIUzI1NiIsInR5cCI6IkpXVCJ9.eyJ1c2VySWQiOiJiYjBkNWQzZC05NWVkLTQyNDMtYTgzNi1hMGVkMGU1NGQwMzIiLCJ1c2VyU3RhdElkIjoiMiIsInVzZXJuYW1lIjoidml0eWEwNzE3Iiwicm9sZSI6IkFkbWluIiwidXNlclJlZ2RhdGUiOiIwMi8yNy8yMDI0IDAwOjAwOjAwIiwibmJmIjoxNzExMDQ0MjI0LCJleHAiOjE3MTExMzA2MjQsImlhdCI6MTcxMTA0NDIyNCwiaXNzIjoiYXV0aC1hcGkiLCJhdWQiOiJhdXRoLWNsaWVudCJ9.C2d378SXk7I2YSgH86iO4ckWQREQsRHBzBD1kb2ZPaI', '2024-03-22 18:03:44'),
('020d26eb-4c7e-4ff8-bea6-7dae1442cfe4', 'eyJhbGciOiJIUzI1NiIsInR5cCI6IkpXVCJ9.eyJ1c2VySWQiOiJiYjBkNWQzZC05NWVkLTQyNDMtYTgzNi1hMGVkMGU1NGQwMzIiLCJ1c2VyU3RhdElkIjoiMiIsInVzZXJuYW1lIjoidml0eWEwNzE3Iiwicm9sZSI6IkFkbWluIiwidXNlclJlZ2RhdGUiOiIwMi8yNy8yMDI0IDAwOjAwOjAwIiwibmJmIjoxNzExMDQ0MTQ3LCJleHAiOjE3MTExMzA1NDcsImlhdCI6MTcxMTA0NDE0NywiaXNzIjoiYXV0aC1hcGkiLCJhdWQiOiJhdXRoLWNsaWVudCJ9.jU25BVFtDzYJFhxYtJYEAnjsMZBgnAx-HlHYEPD14_U', '2024-03-22 18:02:27'),
('05b5a43d-6175-4b96-b0f2-626821721663', 'eyJhbGciOiJIUzI1NiIsInR5cCI6IkpXVCJ9.eyJ1c2VySWQiOiJiYjBkNWQzZC05NWVkLTQyNDMtYTgzNi1hMGVkMGU1NGQwMzIiLCJ1c2VyU3RhdElkIjoiMiIsInVzZXJuYW1lIjoidml0eWEwNzE3Iiwicm9sZSI6IkFkbWluIiwidXNlclJlZ2RhdGUiOiIwMi8yNy8yMDI0IDAwOjAwOjAwIiwibmJmIjoxNzExMDMzMjQyLCJleHAiOjE3MTExMTk2NDIsImlhdCI6MTcxMTAzMzI0MiwiaXNzIjoiYXV0aC1hcGkiLCJhdWQiOiJhdXRoLWNsaWVudCJ9.v5w6UAvwylnvQabgD20RQFnisv-Yu-Fea0erknoHq5s', '2024-03-22 15:00:42'),
('06665499-175a-44f2-94de-2d6118a2b664', 'eyJhbGciOiJIUzI1NiIsInR5cCI6IkpXVCJ9.eyJ1c2VySWQiOiJiYjBkNWQzZC05NWVkLTQyNDMtYTgzNi1hMGVkMGU1NGQwMzIiLCJ1c2VyU3RhdElkIjoiMiIsInVzZXJuYW1lIjoidml0eWEwNzE3Iiwicm9sZSI6IkFkbWluIiwidXNlclJlZ2RhdGUiOiIwMi8yNy8yMDI0IDAwOjAwOjAwIiwibmJmIjoxNzExMDQyNzcxLCJleHAiOjE3MTExMjkxNzEsImlhdCI6MTcxMTA0Mjc3MSwiaXNzIjoiYXV0aC1hcGkiLCJhdWQiOiJhdXRoLWNsaWVudCJ9.aNZ2dYI5o030ZEcrzPpwKbFMIQa9JkSbKSZ5aP6gd3g', '2024-03-22 17:39:31'),
('08b8b90d-b4f7-41e3-a8a6-0935efe69808', 'eyJhbGciOiJIUzI1NiIsInR5cCI6IkpXVCJ9.eyJ1c2VySWQiOiJiYjBkNWQzZC05NWVkLTQyNDMtYTgzNi1hMGVkMGU1NGQwMzIiLCJ1c2VyU3RhdElkIjoiMiIsInVzZXJuYW1lIjoidml0eWEwNzE3Iiwicm9sZSI6IkFkbWluIiwidXNlclJlZ2RhdGUiOiIwMi8yNy8yMDI0IDAwOjAwOjAwIiwibmJmIjoxNzExMDM5ODA2LCJleHAiOjE3MTExMjYyMDYsImlhdCI6MTcxMTAzOTgwNiwiaXNzIjoiYXV0aC1hcGkiLCJhdWQiOiJhdXRoLWNsaWVudCJ9.LD3omyO9N_B06RHVWgbn3Npru6Ls4vRwuHriylW5xZU', '2024-03-22 16:50:06'),
('096936dc-9d1f-44f9-8979-e3265975f6bb', 'eyJhbGciOiJIUzI1NiIsInR5cCI6IkpXVCJ9.eyJ1c2VySWQiOiJiYjBkNWQzZC05NWVkLTQyNDMtYTgzNi1hMGVkMGU1NGQwMzIiLCJ1c2VyU3RhdElkIjoiMiIsInVzZXJuYW1lIjoidml0eWEwNzE3Iiwicm9sZSI6IkFkbWluIiwidXNlclJlZ2RhdGUiOiIwMi8yNy8yMDI0IDAwOjAwOjAwIiwibmJmIjoxNzExMDQ0MzExLCJleHAiOjE3MTExMzA3MTEsImlhdCI6MTcxMTA0NDMxMSwiaXNzIjoiYXV0aC1hcGkiLCJhdWQiOiJhdXRoLWNsaWVudCJ9.tWyXX3hix-P8OtHKmxP0vRIlSeiC3Hjy5BqiWkwY5tg', '2024-03-22 18:05:11'),
('0a515a0e-cc38-4816-96e6-23a0cc07fe5d', 'eyJhbGciOiJIUzI1NiIsInR5cCI6IkpXVCJ9.eyJ1c2VySWQiOiJiYjBkNWQzZC05NWVkLTQyNDMtYTgzNi1hMGVkMGU1NGQwMzIiLCJ1c2VyU3RhdElkIjoiMiIsInVzZXJuYW1lIjoidml0eWEwNzE3Iiwicm9sZSI6IkFkbWluIiwidXNlclJlZ2RhdGUiOiIwMi8yNy8yMDI0IDAwOjAwOjAwIiwibmJmIjoxNzExMDQxMjM4LCJleHAiOjE3MTExMjc2MzgsImlhdCI6MTcxMTA0MTIzOCwiaXNzIjoiYXV0aC1hcGkiLCJhdWQiOiJhdXRoLWNsaWVudCJ9.WjhZcJh_1WqV4cbHuhDtSL86TlU4Xs6Mdp23WpLzNjw', '2024-03-22 17:13:58'),
('0d6b78e6-898a-44aa-ae31-1b30033b4905', 'eyJhbGciOiJIUzI1NiIsInR5cCI6IkpXVCJ9.eyJ1c2VySWQiOiJiYjBkNWQzZC05NWVkLTQyNDMtYTgzNi1hMGVkMGU1NGQwMzIiLCJ1c2VybmFtZSI6InZpdHlhMDcxNyIsInJvbGUiOiJBZG1pbiIsInVzZXJSZWdkYXRlIjoiMDIvMjcvMjAyNCAxNzowNTo1OCIsIm5iZiI6MTcxMDc0NzI2NCwiZXhwIjoxNzEwODMzNjY0LCJpYXQiOjE3MTA3NDcyNjQsImlzcyI6ImF1dGgtYXBpIiwiYXVkIjoiYXV0aC1jbGllbnQifQ.6QBJQmZjqtXFZQQFLksfFlqd1vsF_0CuC-F4jBgnUzQ', '2024-03-19 07:34:24'),
('0e0a86c4-2ef4-48f2-8209-054d5c293d17', 'eyJhbGciOiJIUzI1NiIsInR5cCI6IkpXVCJ9.eyJ1c2VySWQiOiJiYjBkNWQzZC05NWVkLTQyNDMtYTgzNi1hMGVkMGU1NGQwMzIiLCJ1c2VyU3RhdElkIjoiMiIsInVzZXJuYW1lIjoidml0eWEwNzE3Iiwicm9sZSI6IkFkbWluIiwidXNlclJlZ2RhdGUiOiIwMi8yNy8yMDI0IDAwOjAwOjAwIiwibmJmIjoxNzExMDM0OTQzLCJleHAiOjE3MTExMjEzNDMsImlhdCI6MTcxMTAzNDk0MywiaXNzIjoiYXV0aC1hcGkiLCJhdWQiOiJhdXRoLWNsaWVudCJ9.LVCzrJaYf_8PR0XUX_SpZcbYYUljRCZJ0qby3b5Gqo8', '2024-03-22 15:29:03'),
('11572c22-01a0-441a-acd4-07a8dae54500', 'eyJhbGciOiJIUzI1NiIsInR5cCI6IkpXVCJ9.eyJ1c2VySWQiOiJiYjBkNWQzZC05NWVkLTQyNDMtYTgzNi1hMGVkMGU1NGQwMzIiLCJ1c2VyU3RhdElkIjoiMiIsInVzZXJuYW1lIjoidml0eWEwNzE3Iiwicm9sZSI6IkFkbWluIiwidXNlclJlZ2RhdGUiOiIwMi8yNy8yMDI0IDAwOjAwOjAwIiwibmJmIjoxNzExMDQ2NTIwLCJleHAiOjE3MTExMzI5MjAsImlhdCI6MTcxMTA0NjUyMCwiaXNzIjoiYXV0aC1hcGkiLCJhdWQiOiJhdXRoLWNsaWVudCJ9.ouD8gSwFnZSqrDYc_zqaAvKU8eN7KZPKYJgVrDlKGWs', '2024-03-22 18:42:00'),
('142c7e13-f1c1-48f9-a6e9-9cc2698b6239', 'eyJhbGciOiJIUzI1NiIsInR5cCI6IkpXVCJ9.eyJ1c2VySWQiOiJiYjBkNWQzZC05NWVkLTQyNDMtYTgzNi1hMGVkMGU1NGQwMzIiLCJ1c2VyU3RhdElkIjoiMiIsInVzZXJuYW1lIjoidml0eWEwNzE3Iiwicm9sZSI6IkFkbWluIiwidXNlclJlZ2RhdGUiOiIwMi8yNy8yMDI0IDAwOjAwOjAwIiwibmJmIjoxNzExMDQzMjMwLCJleHAiOjE3MTExMjk2MzAsImlhdCI6MTcxMTA0MzIzMCwiaXNzIjoiYXV0aC1hcGkiLCJhdWQiOiJhdXRoLWNsaWVudCJ9.78weWcmWdeqA9Ptm4njqz9ptp9aMfUHZomNVbANh-EA', '2024-03-22 17:47:10'),
('1a441375-3ce5-485b-bccd-406445e43eb5', 'eyJhbGciOiJIUzI1NiIsInR5cCI6IkpXVCJ9.eyJ1c2VySWQiOiJiYjBkNWQzZC05NWVkLTQyNDMtYTgzNi1hMGVkMGU1NGQwMzIiLCJ1c2VyU3RhdElkIjoiMiIsInVzZXJuYW1lIjoidml0eWEwNzE3Iiwicm9sZSI6IkFkbWluIiwidXNlclJlZ2RhdGUiOiIwMi8yNy8yMDI0IDAwOjAwOjAwIiwibmJmIjoxNzExMDQyMzA2LCJleHAiOjE3MTExMjg3MDYsImlhdCI6MTcxMTA0MjMwNiwiaXNzIjoiYXV0aC1hcGkiLCJhdWQiOiJhdXRoLWNsaWVudCJ9.b3LACw2CfSmw_xV3oODMkdx9jyUCkkVCtDjTfTIw1jk', '2024-03-22 17:31:46'),
('1c4c6490-85b5-4469-9109-21d8753b067d', 'eyJhbGciOiJIUzI1NiIsInR5cCI6IkpXVCJ9.eyJ1c2VySWQiOiJiYjBkNWQzZC05NWVkLTQyNDMtYTgzNi1hMGVkMGU1NGQwMzIiLCJ1c2VyU3RhdElkIjoiMiIsInVzZXJuYW1lIjoidml0eWEwNzE3Iiwicm9sZSI6IkFkbWluIiwidXNlclJlZ2RhdGUiOiIwMi8yNy8yMDI0IDAwOjAwOjAwIiwibmJmIjoxNzExMDQwNjkwLCJleHAiOjE3MTExMjcwOTAsImlhdCI6MTcxMTA0MDY5MCwiaXNzIjoiYXV0aC1hcGkiLCJhdWQiOiJhdXRoLWNsaWVudCJ9.8qh9Q0S5JleIpsHV-jhsRH2jQnQtPQ214e3z9P_k0bw', '2024-03-22 17:04:50'),
('1c6f9d12-9aa6-48f6-ba2d-8988d5435393', 'eyJhbGciOiJIUzI1NiIsInR5cCI6IkpXVCJ9.eyJ1c2VySWQiOiJiYjBkNWQzZC05NWVkLTQyNDMtYTgzNi1hMGVkMGU1NGQwMzIiLCJ1c2VyU3RhdElkIjoiMiIsInVzZXJuYW1lIjoidml0eWEwNzE3Iiwicm9sZSI6IkFkbWluIiwidXNlclJlZ2RhdGUiOiIwMi8yNy8yMDI0IDAwOjAwOjAwIiwibmJmIjoxNzExMDM4ODAxLCJleHAiOjE3MTExMjUyMDEsImlhdCI6MTcxMTAzODgwMSwiaXNzIjoiYXV0aC1hcGkiLCJhdWQiOiJhdXRoLWNsaWVudCJ9.ABxuKJXsp6uMqtxWH-JHDLD6-cP1RKjyC08PzxnDgQA', '2024-03-22 16:33:21'),
('1ed25541-ef06-4b3c-8eb9-f894985fbda6', 'eyJhbGciOiJIUzI1NiIsInR5cCI6IkpXVCJ9.eyJ1c2VySWQiOiJiYjBkNWQzZC05NWVkLTQyNDMtYTgzNi1hMGVkMGU1NGQwMzIiLCJ1c2VyU3RhdElkIjoiMiIsInVzZXJuYW1lIjoidml0eWEwNzE3Iiwicm9sZSI6IkFkbWluIiwidXNlclJlZ2RhdGUiOiIwMi8yNy8yMDI0IDAwOjAwOjAwIiwibmJmIjoxNzExMDQwNzg0LCJleHAiOjE3MTExMjcxODQsImlhdCI6MTcxMTA0MDc4NCwiaXNzIjoiYXV0aC1hcGkiLCJhdWQiOiJhdXRoLWNsaWVudCJ9.2jGMqJ65HFK4b2USsv0U4xNhfujaEG2DUELcYLrA_9Q', '2024-03-22 17:06:24'),
('1fcfad55-75f4-45b9-bb82-dc29de7b5988', 'eyJhbGciOiJIUzI1NiIsInR5cCI6IkpXVCJ9.eyJ1c2VySWQiOiJiYjBkNWQzZC05NWVkLTQyNDMtYTgzNi1hMGVkMGU1NGQwMzIiLCJ1c2VyU3RhdElkIjoiMiIsInVzZXJuYW1lIjoidml0eWEwNzE3Iiwicm9sZSI6IkFkbWluIiwidXNlclJlZ2RhdGUiOiIwMi8yNy8yMDI0IDAwOjAwOjAwIiwibmJmIjoxNzExMDQyODgyLCJleHAiOjE3MTExMjkyODIsImlhdCI6MTcxMTA0Mjg4MiwiaXNzIjoiYXV0aC1hcGkiLCJhdWQiOiJhdXRoLWNsaWVudCJ9.6eLX6oLJmtEiuIRJXF3Fg3v_CyP6mB6CWUat1L7kI3g', '2024-03-22 17:41:22'),
('20744a6c-3dc1-479d-8f77-1439dca8c2a4', 'eyJhbGciOiJIUzI1NiIsInR5cCI6IkpXVCJ9.eyJ1c2VySWQiOiJiYjBkNWQzZC05NWVkLTQyNDMtYTgzNi1hMGVkMGU1NGQwMzIiLCJ1c2VyU3RhdElkIjoiMiIsInVzZXJuYW1lIjoidml0eWEwNzE3Iiwicm9sZSI6IkFkbWluIiwidXNlclJlZ2RhdGUiOiIwMi8yNy8yMDI0IDAwOjAwOjAwIiwibmJmIjoxNzExMDQzMDU5LCJleHAiOjE3MTExMjk0NTksImlhdCI6MTcxMTA0MzA1OSwiaXNzIjoiYXV0aC1hcGkiLCJhdWQiOiJhdXRoLWNsaWVudCJ9.lE9IQTfPiPeWDmEr8MYSAhU_eTx5zlR2GSbIkAsHdRE', '2024-03-22 17:44:19'),
('242f6145-1b5d-40eb-a146-538b8b286486', 'eyJhbGciOiJIUzI1NiIsInR5cCI6IkpXVCJ9.eyJ1c2VySWQiOiJiYjBkNWQzZC05NWVkLTQyNDMtYTgzNi1hMGVkMGU1NGQwMzIiLCJ1c2VyU3RhdElkIjoiMiIsInVzZXJuYW1lIjoidml0eWEwNzE3Iiwicm9sZSI6IkFkbWluIiwidXNlclJlZ2RhdGUiOiIwMi8yNy8yMDI0IDAwOjAwOjAwIiwibmJmIjoxNzExMDM1OTAzLCJleHAiOjE3MTExMjIzMDMsImlhdCI6MTcxMTAzNTkwMywiaXNzIjoiYXV0aC1hcGkiLCJhdWQiOiJhdXRoLWNsaWVudCJ9.zh6SFzdZ_SsZ479uViHITu2QDnuynhRkDPUQ5oSGCIE', '2024-03-22 15:45:03'),
('266d03ce-ee97-4812-aefe-d616fe8e9d1e', 'eyJhbGciOiJIUzI1NiIsInR5cCI6IkpXVCJ9.eyJ1c2VySWQiOiJiYjBkNWQzZC05NWVkLTQyNDMtYTgzNi1hMGVkMGU1NGQwMzIiLCJ1c2VybmFtZSI6InZpdHlhMDcxNyIsInJvbGUiOiJBZG1pbiIsInVzZXJSZWdkYXRlIjoiMDIvMjcvMjAyNCAxNzowNTo1OCIsIm5iZiI6MTcxMDc0NzU0NywiZXhwIjoxNzEwODMzOTQ3LCJpYXQiOjE3MTA3NDc1NDcsImlzcyI6ImF1dGgtYXBpIiwiYXVkIjoiYXV0aC1jbGllbnQifQ.CoGnRaQOUeYta9_vOVkNTxklKUzJk1SqLLDaWad1dYU', '2024-03-19 07:39:07'),
('2949c2e1-21b2-4f38-afad-a6720b280ceb', 'eyJhbGciOiJIUzI1NiIsInR5cCI6IkpXVCJ9.eyJ1c2VySWQiOiJiYjBkNWQzZC05NWVkLTQyNDMtYTgzNi1hMGVkMGU1NGQwMzIiLCJ1c2VyU3RhdElkIjoiMiIsInVzZXJuYW1lIjoidml0eWEwNzE3Iiwicm9sZSI6IkFkbWluIiwidXNlclJlZ2RhdGUiOiIwMi8yNy8yMDI0IDAwOjAwOjAwIiwibmJmIjoxNzExMDQyMjc4LCJleHAiOjE3MTExMjg2NzgsImlhdCI6MTcxMTA0MjI3OCwiaXNzIjoiYXV0aC1hcGkiLCJhdWQiOiJhdXRoLWNsaWVudCJ9.CIRgxDT1KOuceJvPRQ-7muU7MaC9smODsfUOgmIDpBE', '2024-03-22 17:31:18'),
('2a51dfdd-0092-4509-a94d-7039267134bd', 'eyJhbGciOiJIUzI1NiIsInR5cCI6IkpXVCJ9.eyJ1c2VySWQiOiJiYjBkNWQzZC05NWVkLTQyNDMtYTgzNi1hMGVkMGU1NGQwMzIiLCJ1c2VyU3RhdElkIjoiMiIsInVzZXJuYW1lIjoidml0eWEwNzE3Iiwicm9sZSI6IkFkbWluIiwidXNlclJlZ2RhdGUiOiIwMi8yNy8yMDI0IDAwOjAwOjAwIiwibmJmIjoxNzExMDQ0NjE0LCJleHAiOjE3MTExMzEwMTQsImlhdCI6MTcxMTA0NDYxNCwiaXNzIjoiYXV0aC1hcGkiLCJhdWQiOiJhdXRoLWNsaWVudCJ9.ZA7wGf3I2GS3YeLYqj0QTwv5nOJoKC0niYNbFIHx358', '2024-03-22 18:10:14'),
('2d236154-c0d6-4085-a22f-831c85877d62', 'eyJhbGciOiJIUzI1NiIsInR5cCI6IkpXVCJ9.eyJ1c2VySWQiOiJiYjBkNWQzZC05NWVkLTQyNDMtYTgzNi1hMGVkMGU1NGQwMzIiLCJ1c2VyU3RhdElkIjoiMiIsInVzZXJuYW1lIjoidml0eWEwNzE3Iiwicm9sZSI6IkFkbWluIiwidXNlclJlZ2RhdGUiOiIwMi8yNy8yMDI0IDAwOjAwOjAwIiwibmJmIjoxNzExMDQyMjQyLCJleHAiOjE3MTExMjg2NDIsImlhdCI6MTcxMTA0MjI0MiwiaXNzIjoiYXV0aC1hcGkiLCJhdWQiOiJhdXRoLWNsaWVudCJ9.O_Ghn6WoGyLQhP04zWzcKCILHUvtiuCxkgqBDZEDUd4', '2024-03-22 17:30:42'),
('305478cc-9a93-4fc9-b2fc-42a4d5dfa2f0', 'eyJhbGciOiJIUzI1NiIsInR5cCI6IkpXVCJ9.eyJ1c2VySWQiOiJiYjBkNWQzZC05NWVkLTQyNDMtYTgzNi1hMGVkMGU1NGQwMzIiLCJ1c2VyU3RhdElkIjoiMiIsInVzZXJuYW1lIjoidml0eWEwNzE3Iiwicm9sZSI6IkFkbWluIiwidXNlclJlZ2RhdGUiOiIwMi8yNy8yMDI0IDAwOjAwOjAwIiwibmJmIjoxNzExMDM4NzIyLCJleHAiOjE3MTExMjUxMjIsImlhdCI6MTcxMTAzODcyMiwiaXNzIjoiYXV0aC1hcGkiLCJhdWQiOiJhdXRoLWNsaWVudCJ9.z2kznbSWFe94s14gP9d98BBvlKciFCsEpGWhx5VPUKI', '2024-03-22 16:32:02'),
('313ae8d0-df1e-4f65-aa79-ac39b8c067c9', 'eyJhbGciOiJIUzI1NiIsInR5cCI6IkpXVCJ9.eyJ1c2VySWQiOiJiYjBkNWQzZC05NWVkLTQyNDMtYTgzNi1hMGVkMGU1NGQwMzIiLCJ1c2VyU3RhdElkIjoiMiIsInVzZXJuYW1lIjoidml0eWEwNzE3Iiwicm9sZSI6IkFkbWluIiwidXNlclJlZ2RhdGUiOiIwMi8yNy8yMDI0IDAwOjAwOjAwIiwibmJmIjoxNzExMDMzNTE2LCJleHAiOjE3MTExMTk5MTYsImlhdCI6MTcxMTAzMzUxNiwiaXNzIjoiYXV0aC1hcGkiLCJhdWQiOiJhdXRoLWNsaWVudCJ9.9R6TWZ56akYBKDBl4anZycTi8GtJOMb48doRFcpOdOg', '2024-03-22 15:05:16'),
('3536faf1-72f5-450b-9409-c4f4b23a7538', 'eyJhbGciOiJIUzI1NiIsInR5cCI6IkpXVCJ9.eyJ1c2VySWQiOiJiYjBkNWQzZC05NWVkLTQyNDMtYTgzNi1hMGVkMGU1NGQwMzIiLCJ1c2VybmFtZSI6InZpdHlhMDcxNyIsInJvbGUiOiJWaXAiLCJ1c2VyUmVnZGF0ZSI6IjAyLzI3LzIwMjQgMTc6MDU6NTgiLCJuYmYiOjE3MTA3NDYwMjMsImV4cCI6MTcxMDgzMjQyMywiaWF0IjoxNzEwNzQ2MDIzLCJpc3MiOiJhdXRoLWFwaSIsImF1ZCI6ImF1dGgtY2xpZW50In0.btM5SM17mieeCzFvD60dfXqhiYojL1_XMddY1O6QS7s', '2024-03-19 07:13:43'),
('3e668e31-8459-4dee-ba09-856419c1faf0', 'eyJhbGciOiJIUzI1NiIsInR5cCI6IkpXVCJ9.eyJ1c2VySWQiOiJiYjBkNWQzZC05NWVkLTQyNDMtYTgzNi1hMGVkMGU1NGQwMzIiLCJ1c2VyU3RhdElkIjoiMiIsInVzZXJuYW1lIjoidml0eWEwNzE3Iiwicm9sZSI6IkFkbWluIiwidXNlclJlZ2RhdGUiOiIwMi8yNy8yMDI0IDAwOjAwOjAwIiwibmJmIjoxNzExMDMzMDMxLCJleHAiOjE3MTExMTk0MzEsImlhdCI6MTcxMTAzMzAzMSwiaXNzIjoiYXV0aC1hcGkiLCJhdWQiOiJhdXRoLWNsaWVudCJ9.-mpsnj-XBxN71F2BB9HJyTSmDkFCCghyzjjNhr1OwxU', '2024-03-22 14:57:11'),
('4be74f35-e2c8-4976-be48-72d06996bf3b', 'eyJhbGciOiJIUzI1NiIsInR5cCI6IkpXVCJ9.eyJ1c2VySWQiOiJiYjBkNWQzZC05NWVkLTQyNDMtYTgzNi1hMGVkMGU1NGQwMzIiLCJ1c2VyU3RhdElkIjoiMiIsInVzZXJuYW1lIjoidml0eWEwNzE3Iiwicm9sZSI6IkFkbWluIiwidXNlclJlZ2RhdGUiOiIwMi8yNy8yMDI0IDAwOjAwOjAwIiwibmJmIjoxNzExMDQyNzE1LCJleHAiOjE3MTExMjkxMTUsImlhdCI6MTcxMTA0MjcxNSwiaXNzIjoiYXV0aC1hcGkiLCJhdWQiOiJhdXRoLWNsaWVudCJ9.jGQ2-AThgY1TVI0d-s0h7sUWYYH3zaei0K3ZUlhk4eE', '2024-03-22 17:38:35'),
('50a57a22-0d1c-4f1f-90b3-714e005cca99', 'eyJhbGciOiJIUzI1NiIsInR5cCI6IkpXVCJ9.eyJ1c2VySWQiOiJiYjBkNWQzZC05NWVkLTQyNDMtYTgzNi1hMGVkMGU1NGQwMzIiLCJ1c2VyU3RhdElkIjoiMiIsInVzZXJuYW1lIjoidml0eWEwNzE3Iiwicm9sZSI6IkFkbWluIiwidXNlclJlZ2RhdGUiOiIwMi8yNy8yMDI0IDAwOjAwOjAwIiwibmJmIjoxNzExMDQwNzYzLCJleHAiOjE3MTExMjcxNjMsImlhdCI6MTcxMTA0MDc2MywiaXNzIjoiYXV0aC1hcGkiLCJhdWQiOiJhdXRoLWNsaWVudCJ9.vz35OKgPhMmQBYZLu96McYm2d9-tBz_nLf1xlPRG9-0', '2024-03-22 17:06:03'),
('5b24e1f4-9f8c-47b8-8a59-b2d74e4b5aa8', 'eyJhbGciOiJIUzI1NiIsInR5cCI6IkpXVCJ9.eyJ1c2VySWQiOiJiYjBkNWQzZC05NWVkLTQyNDMtYTgzNi1hMGVkMGU1NGQwMzIiLCJ1c2VyU3RhdElkIjoiMiIsInVzZXJuYW1lIjoidml0eWEwNzE3Iiwicm9sZSI6IkFkbWluIiwidXNlclJlZ2RhdGUiOiIwMi8yNy8yMDI0IDAwOjAwOjAwIiwibmJmIjoxNzExMDQ0NDg4LCJleHAiOjE3MTExMzA4ODgsImlhdCI6MTcxMTA0NDQ4OCwiaXNzIjoiYXV0aC1hcGkiLCJhdWQiOiJhdXRoLWNsaWVudCJ9.UIf0JVyuwQX9rSk2GD1-4rkDjI3ZljIbvnEF6EY8BDE', '2024-03-22 18:08:08'),
('5bbbda34-87b3-4a36-8e84-691b7f369d31', 'eyJhbGciOiJIUzI1NiIsInR5cCI6IkpXVCJ9.eyJ1c2VySWQiOiJiYjBkNWQzZC05NWVkLTQyNDMtYTgzNi1hMGVkMGU1NGQwMzIiLCJ1c2VyU3RhdElkIjoiMiIsInVzZXJuYW1lIjoidml0eWEwNzE3Iiwicm9sZSI6IkFkbWluIiwidXNlclJlZ2RhdGUiOiIwMi8yNy8yMDI0IDAwOjAwOjAwIiwibmJmIjoxNzExMDQzOTY3LCJleHAiOjE3MTExMzAzNjcsImlhdCI6MTcxMTA0Mzk2NywiaXNzIjoiYXV0aC1hcGkiLCJhdWQiOiJhdXRoLWNsaWVudCJ9.d7CQh4M8hAEY0qMm5xkCPxwVAqpSFJy_Wp8yUT5CUa0', '2024-03-22 17:59:27'),
('5ca94275-bb73-401b-bafa-f05dd1bd963d', 'eyJhbGciOiJIUzI1NiIsInR5cCI6IkpXVCJ9.eyJ1c2VySWQiOiJiYjBkNWQzZC05NWVkLTQyNDMtYTgzNi1hMGVkMGU1NGQwMzIiLCJ1c2VyU3RhdElkIjoiMiIsInVzZXJuYW1lIjoidml0eWEwNzE3Iiwicm9sZSI6IkFkbWluIiwidXNlclJlZ2RhdGUiOiIwMi8yNy8yMDI0IDAwOjAwOjAwIiwibmJmIjoxNzExMDQ0MDE0LCJleHAiOjE3MTExMzA0MTQsImlhdCI6MTcxMTA0NDAxNCwiaXNzIjoiYXV0aC1hcGkiLCJhdWQiOiJhdXRoLWNsaWVudCJ9.d3cBPOnHkt79clECWXvCHajAH6CHzn_0QiPxW_KZmWU', '2024-03-22 18:00:14'),
('61f3d6c9-fe6d-4e02-b166-3ac4ff65f615', 'eyJhbGciOiJIUzI1NiIsInR5cCI6IkpXVCJ9.eyJ1c2VySWQiOiJiYjBkNWQzZC05NWVkLTQyNDMtYTgzNi1hMGVkMGU1NGQwMzIiLCJ1c2VyU3RhdElkIjoiMiIsInVzZXJuYW1lIjoidml0eWEwNzE3Iiwicm9sZSI6IkFkbWluIiwidXNlclJlZ2RhdGUiOiIwMi8yNy8yMDI0IDAwOjAwOjAwIiwibmJmIjoxNzExMDQ0MjYwLCJleHAiOjE3MTExMzA2NjAsImlhdCI6MTcxMTA0NDI2MCwiaXNzIjoiYXV0aC1hcGkiLCJhdWQiOiJhdXRoLWNsaWVudCJ9.oKCSbhBoVl-4zODHr-Ky7P5hiyyOmPHTkqdlmqmXDOk', '2024-03-22 18:04:20'),
('6857aa28-3011-4b28-9c00-72d51cd3050d', 'eyJhbGciOiJIUzI1NiIsInR5cCI6IkpXVCJ9.eyJ1c2VySWQiOiJiYjBkNWQzZC05NWVkLTQyNDMtYTgzNi1hMGVkMGU1NGQwMzIiLCJ1c2VyU3RhdElkIjoiMiIsInVzZXJuYW1lIjoidml0eWEwNzE3Iiwicm9sZSI6IkFkbWluIiwidXNlclJlZ2RhdGUiOiIwMi8yNy8yMDI0IDAwOjAwOjAwIiwibmJmIjoxNzExMDQ0NDAzLCJleHAiOjE3MTExMzA4MDMsImlhdCI6MTcxMTA0NDQwMywiaXNzIjoiYXV0aC1hcGkiLCJhdWQiOiJhdXRoLWNsaWVudCJ9.W0fr4zeOgL85pUlFtmhQVzhjPXhA12Npn3cqUBItZcs', '2024-03-22 18:06:43'),
('6ace9213-4850-4180-9b9b-9406010951da', 'eyJhbGciOiJIUzI1NiIsInR5cCI6IkpXVCJ9.eyJ1c2VySWQiOiJiYjBkNWQzZC05NWVkLTQyNDMtYTgzNi1hMGVkMGU1NGQwMzIiLCJ1c2VyU3RhdElkIjoiMiIsInVzZXJuYW1lIjoidml0eWEwNzE3Iiwicm9sZSI6IkFkbWluIiwidXNlclJlZ2RhdGUiOiIwMi8yNy8yMDI0IDAwOjAwOjAwIiwibmJmIjoxNzExMDQzODIxLCJleHAiOjE3MTExMzAyMjEsImlhdCI6MTcxMTA0MzgyMSwiaXNzIjoiYXV0aC1hcGkiLCJhdWQiOiJhdXRoLWNsaWVudCJ9.N6h72phGwCiWHM7FGhU7rFDBawJguFuL20_rwBIaTks', '2024-03-22 17:57:01'),
('6c020011-9f4a-4655-bfb8-2a0f2711aa64', 'eyJhbGciOiJIUzI1NiIsInR5cCI6IkpXVCJ9.eyJ1c2VySWQiOiJiYjBkNWQzZC05NWVkLTQyNDMtYTgzNi1hMGVkMGU1NGQwMzIiLCJ1c2VyU3RhdElkIjoiMiIsInVzZXJuYW1lIjoidml0eWEwNzE3Iiwicm9sZSI6IkFkbWluIiwidXNlclJlZ2RhdGUiOiIwMi8yNy8yMDI0IDAwOjAwOjAwIiwibmJmIjoxNzExMDQwODg5LCJleHAiOjE3MTExMjcyODksImlhdCI6MTcxMTA0MDg4OSwiaXNzIjoiYXV0aC1hcGkiLCJhdWQiOiJhdXRoLWNsaWVudCJ9.VuudYqWY8GqFnqoFg4HrlG4iWgID-jVXRTPfMfU6vxo', '2024-03-22 17:08:09'),
('6e19cc4f-0962-445c-8775-834b4c9c1402', 'eyJhbGciOiJIUzI1NiIsInR5cCI6IkpXVCJ9.eyJ1c2VySWQiOiJiYjBkNWQzZC05NWVkLTQyNDMtYTgzNi1hMGVkMGU1NGQwMzIiLCJ1c2VyU3RhdElkIjoiMiIsInVzZXJuYW1lIjoidml0eWEwNzE3Iiwicm9sZSI6IkFkbWluIiwidXNlclJlZ2RhdGUiOiIwMi8yNy8yMDI0IDAwOjAwOjAwIiwibmJmIjoxNzExMDQwNjcyLCJleHAiOjE3MTExMjcwNzIsImlhdCI6MTcxMTA0MDY3MiwiaXNzIjoiYXV0aC1hcGkiLCJhdWQiOiJhdXRoLWNsaWVudCJ9.lySLcM3k6pfniZtQJtyF7tuXbczEc-aXCbalidODZMY', '2024-03-22 17:04:32'),
('8688e4b7-6faa-4579-8f9e-8bd20e13eedb', 'eyJhbGciOiJIUzI1NiIsInR5cCI6IkpXVCJ9.eyJ1c2VySWQiOiJiYjBkNWQzZC05NWVkLTQyNDMtYTgzNi1hMGVkMGU1NGQwMzIiLCJ1c2VyU3RhdElkIjoiMiIsInVzZXJuYW1lIjoidml0eWEwNzE3Iiwicm9sZSI6IkFkbWluIiwidXNlclJlZ2RhdGUiOiIwMi8yNy8yMDI0IDAwOjAwOjAwIiwibmJmIjoxNzExMDM4NzYyLCJleHAiOjE3MTExMjUxNjIsImlhdCI6MTcxMTAzODc2MiwiaXNzIjoiYXV0aC1hcGkiLCJhdWQiOiJhdXRoLWNsaWVudCJ9.PtQZPW5_Ero9nl3QN3qZfX47ygpEijRIpg1etLSA3X4', '2024-03-22 16:32:42'),
('87738b74-9fb3-412b-ba66-0f2427d36b6c', 'eyJhbGciOiJIUzI1NiIsInR5cCI6IkpXVCJ9.eyJ1c2VySWQiOiJiYjBkNWQzZC05NWVkLTQyNDMtYTgzNi1hMGVkMGU1NGQwMzIiLCJ1c2VyU3RhdElkIjoiMiIsInVzZXJuYW1lIjoidml0eWEwNzE3Iiwicm9sZSI6IkFkbWluIiwidXNlclJlZ2RhdGUiOiIwMi8yNy8yMDI0IDAwOjAwOjAwIiwibmJmIjoxNzExMDMzMzEwLCJleHAiOjE3MTExMTk3MTAsImlhdCI6MTcxMTAzMzMxMCwiaXNzIjoiYXV0aC1hcGkiLCJhdWQiOiJhdXRoLWNsaWVudCJ9.bb2K5GcSko_ZzqRuzNJzxpLZrZDUWAfFqkR-t75c4rM', '2024-03-22 15:01:50'),
('9396d47e-f5d0-427a-af34-20525f0c6f4c', 'eyJhbGciOiJIUzI1NiIsInR5cCI6IkpXVCJ9.eyJ1c2VySWQiOiJiYjBkNWQzZC05NWVkLTQyNDMtYTgzNi1hMGVkMGU1NGQwMzIiLCJ1c2VyU3RhdElkIjoiMiIsInVzZXJuYW1lIjoidml0eWEwNzE3Iiwicm9sZSI6IkFkbWluIiwidXNlclJlZ2RhdGUiOiIwMi8yNy8yMDI0IDAwOjAwOjAwIiwibmJmIjoxNzExMDQzNjUzLCJleHAiOjE3MTExMzAwNTMsImlhdCI6MTcxMTA0MzY1MywiaXNzIjoiYXV0aC1hcGkiLCJhdWQiOiJhdXRoLWNsaWVudCJ9.W_fzCWSfQYJAQ20qwWbHKL46jYQ-X0xpsuUdmE9DmTY', '2024-03-22 17:54:13'),
('95c5fb09-1591-4af9-be34-fbbfaa5f3150', 'eyJhbGciOiJIUzI1NiIsInR5cCI6IkpXVCJ9.eyJ1c2VySWQiOiJiYjBkNWQzZC05NWVkLTQyNDMtYTgzNi1hMGVkMGU1NGQwMzIiLCJ1c2VybmFtZSI6InZpdHlhMDcxNyIsInJvbGUiOiJBZG1pbiIsInVzZXJSZWdkYXRlIjoiMDIvMjcvMjAyNCAxNzowNTo1OCIsIm5iZiI6MTcxMDY5NTg0NSwiZXhwIjoxNzEwNzgyMjQ1LCJpYXQiOjE3MTA2OTU4NDUsImlzcyI6ImF1dGgtYXBpIiwiYXVkIjoiYXV0aC1jbGllbnQifQ.vNBSDgoue2p_taOHgYilMbmR1lDl891Cz-xSn55gDGo', '2024-03-18 17:17:25'),
('983617f5-6604-4626-9827-3b135d1c832d', 'eyJhbGciOiJIUzI1NiIsInR5cCI6IkpXVCJ9.eyJ1c2VySWQiOiJiYjBkNWQzZC05NWVkLTQyNDMtYTgzNi1hMGVkMGU1NGQwMzIiLCJ1c2VyU3RhdElkIjoiMiIsInVzZXJuYW1lIjoidml0eWEwNzE3Iiwicm9sZSI6IkFkbWluIiwidXNlclJlZ2RhdGUiOiIwMi8yNy8yMDI0IDAwOjAwOjAwIiwibmJmIjoxNzExMDM0Mjc4LCJleHAiOjE3MTExMjA2NzgsImlhdCI6MTcxMTAzNDI3OCwiaXNzIjoiYXV0aC1hcGkiLCJhdWQiOiJhdXRoLWNsaWVudCJ9.V7tb6j8k22zTg9JIlyCBVSty4F_0Pm8OqVG5naw0tdI', '2024-03-22 15:17:58'),
('98a6a9b4-667c-4648-806a-31a682016424', 'eyJhbGciOiJIUzI1NiIsInR5cCI6IkpXVCJ9.eyJ1c2VySWQiOiJiYjBkNWQzZC05NWVkLTQyNDMtYTgzNi1hMGVkMGU1NGQwMzIiLCJ1c2VyU3RhdElkIjoiMiIsInVzZXJuYW1lIjoidml0eWEwNzE3Iiwicm9sZSI6IkFkbWluIiwidXNlclJlZ2RhdGUiOiIwMi8yNy8yMDI0IDAwOjAwOjAwIiwibmJmIjoxNzExMDM5ODc3LCJleHAiOjE3MTExMjYyNzcsImlhdCI6MTcxMTAzOTg3NywiaXNzIjoiYXV0aC1hcGkiLCJhdWQiOiJhdXRoLWNsaWVudCJ9.zTLpVMbkKp5iBdavKoGwC8-rc81k-lqvPxe0doxOYyY', '2024-03-22 16:51:17'),
('99d406a7-34be-48e5-8851-97cc41cd2a42', 'eyJhbGciOiJIUzI1NiIsInR5cCI6IkpXVCJ9.eyJ1c2VySWQiOiJiYjBkNWQzZC05NWVkLTQyNDMtYTgzNi1hMGVkMGU1NGQwMzIiLCJ1c2VyU3RhdElkIjoiMiIsInVzZXJuYW1lIjoidml0eWEwNzE3Iiwicm9sZSI6IkFkbWluIiwidXNlclJlZ2RhdGUiOiIwMi8yNy8yMDI0IDAwOjAwOjAwIiwibmJmIjoxNzExMDMxOTE0LCJleHAiOjE3MTExMTgzMTQsImlhdCI6MTcxMTAzMTkxNCwiaXNzIjoiYXV0aC1hcGkiLCJhdWQiOiJhdXRoLWNsaWVudCJ9.ZTKjKOk-tWCtmnjJJTEiWk4ksAOK_0zrKOOPgmFbQ3k', '2024-03-22 14:38:34'),
('9d3c2e04-d3f2-4889-a8c8-c1a246555c27', 'eyJhbGciOiJIUzI1NiIsInR5cCI6IkpXVCJ9.eyJ1c2VySWQiOiJiYjBkNWQzZC05NWVkLTQyNDMtYTgzNi1hMGVkMGU1NGQwMzIiLCJ1c2VyU3RhdElkIjoiMiIsInVzZXJuYW1lIjoidml0eWEwNzE3Iiwicm9sZSI6IkFkbWluIiwidXNlclJlZ2RhdGUiOiIwMi8yNy8yMDI0IDAwOjAwOjAwIiwibmJmIjoxNzExMDQzNzYyLCJleHAiOjE3MTExMzAxNjIsImlhdCI6MTcxMTA0Mzc2MiwiaXNzIjoiYXV0aC1hcGkiLCJhdWQiOiJhdXRoLWNsaWVudCJ9.RcBirMASTOaSTeSVstKhR-1Jxdiji37-tesLr25PM78', '2024-03-22 17:56:02'),
('9f7d6710-bf7c-4caf-8518-85aa5e052bbd', 'eyJhbGciOiJIUzI1NiIsInR5cCI6IkpXVCJ9.eyJ1c2VySWQiOiJiYjBkNWQzZC05NWVkLTQyNDMtYTgzNi1hMGVkMGU1NGQwMzIiLCJ1c2VyU3RhdElkIjoiMiIsInVzZXJuYW1lIjoidml0eWEwNzE3Iiwicm9sZSI6IkFkbWluIiwidXNlclJlZ2RhdGUiOiIwMi8yNy8yMDI0IDAwOjAwOjAwIiwibmJmIjoxNzExMDQyMjE3LCJleHAiOjE3MTExMjg2MTcsImlhdCI6MTcxMTA0MjIxNywiaXNzIjoiYXV0aC1hcGkiLCJhdWQiOiJhdXRoLWNsaWVudCJ9.xP5O2jQUClVZKIAUyofFTsr5N927Lu1-5IX8aH6EeLE', '2024-03-22 17:30:17'),
('a868f71c-b026-437c-9117-403d9440ddf7', 'eyJhbGciOiJIUzI1NiIsInR5cCI6IkpXVCJ9.eyJ1c2VySWQiOiJiYjBkNWQzZC05NWVkLTQyNDMtYTgzNi1hMGVkMGU1NGQwMzIiLCJ1c2VyU3RhdElkIjoiMiIsInVzZXJuYW1lIjoidml0eWEwNzE3Iiwicm9sZSI6IkFkbWluIiwidXNlclJlZ2RhdGUiOiIwMi8yNy8yMDI0IDAwOjAwOjAwIiwibmJmIjoxNzExMDM1ODM2LCJleHAiOjE3MTExMjIyMzYsImlhdCI6MTcxMTAzNTgzNiwiaXNzIjoiYXV0aC1hcGkiLCJhdWQiOiJhdXRoLWNsaWVudCJ9.MJflf2UztuwzLDTI0kVqH6prNIb8WUfgwUSEuUMVwTc', '2024-03-22 15:43:56'),
('aa015c96-badf-4809-8b12-032cc7cdc4bc', 'eyJhbGciOiJIUzI1NiIsInR5cCI6IkpXVCJ9.eyJ1c2VySWQiOiJiYjBkNWQzZC05NWVkLTQyNDMtYTgzNi1hMGVkMGU1NGQwMzIiLCJ1c2VyU3RhdElkIjoiMiIsInVzZXJuYW1lIjoidml0eWEwNzE3Iiwicm9sZSI6IkFkbWluIiwidXNlclJlZ2RhdGUiOiIwMi8yNy8yMDI0IDAwOjAwOjAwIiwibmJmIjoxNzExMDM4MDI0LCJleHAiOjE3MTExMjQ0MjQsImlhdCI6MTcxMTAzODAyNCwiaXNzIjoiYXV0aC1hcGkiLCJhdWQiOiJhdXRoLWNsaWVudCJ9.7ZWlSMlzfAOAwks5gDWDKhtKQNJFkG2smQIRICeUBa0', '2024-03-22 16:20:24'),
('aa4d596d-bc1e-4dd9-8660-fa0425a3051a', 'eyJhbGciOiJIUzI1NiIsInR5cCI6IkpXVCJ9.eyJ1c2VySWQiOiJiYjBkNWQzZC05NWVkLTQyNDMtYTgzNi1hMGVkMGU1NGQwMzIiLCJ1c2VyU3RhdElkIjoiMiIsInVzZXJuYW1lIjoidml0eWEwNzE3Iiwicm9sZSI6IkFkbWluIiwidXNlclJlZ2RhdGUiOiIwMi8yNy8yMDI0IDAwOjAwOjAwIiwibmJmIjoxNzExMDMyNTk3LCJleHAiOjE3MTExMTg5OTcsImlhdCI6MTcxMTAzMjU5NywiaXNzIjoiYXV0aC1hcGkiLCJhdWQiOiJhdXRoLWNsaWVudCJ9.XTC7cAxhOzsB6Pvmmz1NkJMXCVcDcSlMseVlCj0hN74', '2024-03-22 14:49:57'),
('aa8a5513-be22-4a0d-aeae-fb2f2a09a718', 'eyJhbGciOiJIUzI1NiIsInR5cCI6IkpXVCJ9.eyJ1c2VySWQiOiJiYjBkNWQzZC05NWVkLTQyNDMtYTgzNi1hMGVkMGU1NGQwMzIiLCJ1c2VyU3RhdElkIjoiMiIsInVzZXJuYW1lIjoidml0eWEwNzE3Iiwicm9sZSI6IkFkbWluIiwidXNlclJlZ2RhdGUiOiIwMi8yNy8yMDI0IDAwOjAwOjAwIiwibmJmIjoxNzExMDQxNTQzLCJleHAiOjE3MTExMjc5NDMsImlhdCI6MTcxMTA0MTU0MywiaXNzIjoiYXV0aC1hcGkiLCJhdWQiOiJhdXRoLWNsaWVudCJ9.5v9XiTZbJA9NAyEZ6nvSlS177t1kdaJI_XgRasoZS1o', '2024-03-22 17:19:03'),
('b2f8cff1-fc81-4fb0-80e8-ace74d2eb0e4', 'eyJhbGciOiJIUzI1NiIsInR5cCI6IkpXVCJ9.eyJ1c2VySWQiOiJiYjBkNWQzZC05NWVkLTQyNDMtYTgzNi1hMGVkMGU1NGQwMzIiLCJ1c2VyU3RhdElkIjoiMiIsInVzZXJuYW1lIjoidml0eWEwNzE3Iiwicm9sZSI6IkFkbWluIiwidXNlclJlZ2RhdGUiOiIwMi8yNy8yMDI0IDAwOjAwOjAwIiwibmJmIjoxNzExMDQwMTQ2LCJleHAiOjE3MTExMjY1NDYsImlhdCI6MTcxMTA0MDE0NiwiaXNzIjoiYXV0aC1hcGkiLCJhdWQiOiJhdXRoLWNsaWVudCJ9.wHO7zHWJqO28vSw8_fSF_s0HHi4V3l6luuSMRLY11m0', '2024-03-22 16:55:46'),
('b4718c26-72a5-4322-900c-bcd1313ccceb', 'eyJhbGciOiJIUzI1NiIsInR5cCI6IkpXVCJ9.eyJ1c2VySWQiOiJiYjBkNWQzZC05NWVkLTQyNDMtYTgzNi1hMGVkMGU1NGQwMzIiLCJ1c2VyU3RhdElkIjoiMiIsInVzZXJuYW1lIjoidml0eWEwNzE3Iiwicm9sZSI6IkFkbWluIiwidXNlclJlZ2RhdGUiOiIwMi8yNy8yMDI0IDAwOjAwOjAwIiwibmJmIjoxNzExMDM4NjcyLCJleHAiOjE3MTExMjUwNzIsImlhdCI6MTcxMTAzODY3MiwiaXNzIjoiYXV0aC1hcGkiLCJhdWQiOiJhdXRoLWNsaWVudCJ9.MvQXfU4HfGgm8fTsqvkOLhUCBvUJIqoHL9i4XjuWML8', '2024-03-22 16:31:12'),
('b8c85d01-f6c3-4b90-bc7c-79f13e2bd78f', 'eyJhbGciOiJIUzI1NiIsInR5cCI6IkpXVCJ9.eyJ1c2VySWQiOiJiYjBkNWQzZC05NWVkLTQyNDMtYTgzNi1hMGVkMGU1NGQwMzIiLCJ1c2VyU3RhdElkIjoiMiIsInVzZXJuYW1lIjoidml0eWEwNzE3Iiwicm9sZSI6IkFkbWluIiwidXNlclJlZ2RhdGUiOiIwMi8yNy8yMDI0IDAwOjAwOjAwIiwibmJmIjoxNzExMDQyMDMzLCJleHAiOjE3MTExMjg0MzMsImlhdCI6MTcxMTA0MjAzMywiaXNzIjoiYXV0aC1hcGkiLCJhdWQiOiJhdXRoLWNsaWVudCJ9.tLBrmIYWt1zn81OtqgIwLuihFIDAcZWlkYtcLm74PA8', '2024-03-22 17:27:13'),
('b8f1f652-63c0-467a-88c3-ad1c128ebf3b', 'eyJhbGciOiJIUzI1NiIsInR5cCI6IkpXVCJ9.eyJ1c2VySWQiOiJiYjBkNWQzZC05NWVkLTQyNDMtYTgzNi1hMGVkMGU1NGQwMzIiLCJ1c2VyU3RhdElkIjoiMiIsInVzZXJuYW1lIjoidml0eWEwNzE3Iiwicm9sZSI6IkFkbWluIiwidXNlclJlZ2RhdGUiOiIwMi8yNy8yMDI0IDE3OjA1OjU4IiwibmJmIjoxNzEwODYyNTYyLCJleHAiOjE3MTA5NDg5NjIsImlhdCI6MTcxMDg2MjU2MiwiaXNzIjoiYXV0aC1hcGkiLCJhdWQiOiJhdXRoLWNsaWVudCJ9.Oop10hVR9WgoXUeWAYALy-vnPVxxlUrmkjQ3VrkTFO4', '2024-03-20 15:36:02'),
('bdc94e63-ef2b-4551-a884-df6e35424766', 'eyJhbGciOiJIUzI1NiIsInR5cCI6IkpXVCJ9.eyJ1c2VySWQiOiJiYjBkNWQzZC05NWVkLTQyNDMtYTgzNi1hMGVkMGU1NGQwMzIiLCJ1c2VyU3RhdElkIjoiMiIsInVzZXJuYW1lIjoidml0eWEwNzE3Iiwicm9sZSI6IkFkbWluIiwidXNlclJlZ2RhdGUiOiIwMi8yNy8yMDI0IDAwOjAwOjAwIiwibmJmIjoxNzExMDMyMDk3LCJleHAiOjE3MTExMTg0OTcsImlhdCI6MTcxMTAzMjA5NywiaXNzIjoiYXV0aC1hcGkiLCJhdWQiOiJhdXRoLWNsaWVudCJ9.1O5olSZLiCitt8SzY9Mn6fzpKNTpEn8iL91lZiVJLwg', '2024-03-22 14:41:37'),
('c0e52f16-4658-4e58-88fe-b5546094ae0e', 'eyJhbGciOiJIUzI1NiIsInR5cCI6IkpXVCJ9.eyJ1c2VySWQiOiJiYjBkNWQzZC05NWVkLTQyNDMtYTgzNi1hMGVkMGU1NGQwMzIiLCJ1c2VyU3RhdElkIjoiMiIsInVzZXJuYW1lIjoidml0eWEwNzE3Iiwicm9sZSI6IkFkbWluIiwidXNlclJlZ2RhdGUiOiIwMi8yNy8yMDI0IDAwOjAwOjAwIiwibmJmIjoxNzExMDM1MTA3LCJleHAiOjE3MTExMjE1MDcsImlhdCI6MTcxMTAzNTEwNywiaXNzIjoiYXV0aC1hcGkiLCJhdWQiOiJhdXRoLWNsaWVudCJ9.w0-2S_IB3Ts4i7Vk-yc2tDIApy94cw6SzSVhySgsLYw', '2024-03-22 15:31:47'),
('c13f9652-6045-4e4a-8696-380f946c089e', 'eyJhbGciOiJIUzI1NiIsInR5cCI6IkpXVCJ9.eyJ1c2VySWQiOiJiYjBkNWQzZC05NWVkLTQyNDMtYTgzNi1hMGVkMGU1NGQwMzIiLCJ1c2VyU3RhdElkIjoiMiIsInVzZXJuYW1lIjoidml0eWEwNzE3Iiwicm9sZSI6IkFkbWluIiwidXNlclJlZ2RhdGUiOiIwMi8yNy8yMDI0IDAwOjAwOjAwIiwibmJmIjoxNzExMDQzOTA3LCJleHAiOjE3MTExMzAzMDcsImlhdCI6MTcxMTA0MzkwNywiaXNzIjoiYXV0aC1hcGkiLCJhdWQiOiJhdXRoLWNsaWVudCJ9._sQ_NuuIXhIWk7Ok_yJyUBxz9_bQJ55I-qmfqFidebo', '2024-03-22 17:58:27'),
('c2aa2e8c-494c-48ec-afce-29e8148f2a27', 'eyJhbGciOiJIUzI1NiIsInR5cCI6IkpXVCJ9.eyJ1c2VySWQiOiJiYjBkNWQzZC05NWVkLTQyNDMtYTgzNi1hMGVkMGU1NGQwMzIiLCJ1c2VyU3RhdElkIjoiMiIsInVzZXJuYW1lIjoidml0eWEwNzE3Iiwicm9sZSI6IkFkbWluIiwidXNlclJlZ2RhdGUiOiIwMi8yNy8yMDI0IDE3OjA1OjU4IiwibmJmIjoxNzEwOTU4OTUxLCJleHAiOjE3MTEwNDUzNTEsImlhdCI6MTcxMDk1ODk1MSwiaXNzIjoiYXV0aC1hcGkiLCJhdWQiOiJhdXRoLWNsaWVudCJ9.wqLpLgwDau0n4crpHeBAtkkcm5Vbz6d6dZE1D-3ri0w', '2024-03-21 18:22:31'),
('c3aaddb6-078c-4a90-a2b2-0c3c9a2e265a', 'eyJhbGciOiJIUzI1NiIsInR5cCI6IkpXVCJ9.eyJ1c2VySWQiOiJiYjBkNWQzZC05NWVkLTQyNDMtYTgzNi1hMGVkMGU1NGQwMzIiLCJ1c2VyU3RhdElkIjoiMiIsInVzZXJuYW1lIjoidml0eWEwNzE3Iiwicm9sZSI6IkFkbWluIiwidXNlclJlZ2RhdGUiOiIwMi8yNy8yMDI0IDAwOjAwOjAwIiwibmJmIjoxNzExMDQxNDk5LCJleHAiOjE3MTExMjc4OTksImlhdCI6MTcxMTA0MTQ5OSwiaXNzIjoiYXV0aC1hcGkiLCJhdWQiOiJhdXRoLWNsaWVudCJ9.i5ltLBdUyEqCIVm87dU6-Dpt5BJooumSuqLe64e3_Ic', '2024-03-22 17:18:19'),
('cc123d0a-cf77-4b71-b6c3-145c69064ef9', 'eyJhbGciOiJIUzI1NiIsInR5cCI6IkpXVCJ9.eyJ1c2VySWQiOiJiYjBkNWQzZC05NWVkLTQyNDMtYTgzNi1hMGVkMGU1NGQwMzIiLCJ1c2VyU3RhdElkIjoiMiIsInVzZXJuYW1lIjoidml0eWEwNzE3Iiwicm9sZSI6IkFkbWluIiwidXNlclJlZ2RhdGUiOiIwMi8yNy8yMDI0IDAwOjAwOjAwIiwibmJmIjoxNzExMDQxNDQ0LCJleHAiOjE3MTExMjc4NDQsImlhdCI6MTcxMTA0MTQ0NCwiaXNzIjoiYXV0aC1hcGkiLCJhdWQiOiJhdXRoLWNsaWVudCJ9.J1Xt7PACTh2hiOFB0foTQPCcTXxoQRss8jBydgS2xVk', '2024-03-22 17:17:24'),
('d7798692-0daf-4559-ad43-e30742b781cf', 'eyJhbGciOiJIUzI1NiIsInR5cCI6IkpXVCJ9.eyJ1c2VySWQiOiJiYjBkNWQzZC05NWVkLTQyNDMtYTgzNi1hMGVkMGU1NGQwMzIiLCJ1c2VybmFtZSI6InZpdHlhMDcxNyIsInJvbGUiOiJWaXAiLCJ1c2VyUmVnZGF0ZSI6IjAyLzI3LzIwMjQgMTc6MDU6NTgiLCJuYmYiOjE3MTA3NDcyMzIsImV4cCI6MTcxMDgzMzYzMiwiaWF0IjoxNzEwNzQ3MjMyLCJpc3MiOiJhdXRoLWFwaSIsImF1ZCI6ImF1dGgtY2xpZW50In0.AfVojgzs9UlmdH4ccoyoELGAFvJcrB1u5toE3TPnTJY', '2024-03-19 07:33:52'),
('d7ad8fed-4a86-4c15-8823-326de75246d8', 'eyJhbGciOiJIUzI1NiIsInR5cCI6IkpXVCJ9.eyJ1c2VySWQiOiI0MmU1NTA3Yi1hOGExLTQyMDYtYjY4Mi02OTI5NDIxMzA5MWQiLCJ1c2VybmFtZSI6InZpdHlhMDcxOSIsInJvbGUiOiJVc2VyIiwidXNlclJlZ2RhdGUiOiIwMy8xOC8yMDI0IDA3OjE1OjA4IiwibmJmIjoxNzEwNzQ2NTkwLCJleHAiOjE3MTA4MzI5OTAsImlhdCI6MTcxMDc0NjU5MCwiaXNzIjoiYXV0aC1hcGkiLCJhdWQiOiJhdXRoLWNsaWVudCJ9.Uia7FcNJfMfmirL8nbG5azoJjEVPLFsChmqLw6hlUns', '2024-03-19 07:23:10'),
('dbf13d88-23f3-471c-814a-cef8b033d365', 'eyJhbGciOiJIUzI1NiIsInR5cCI6IkpXVCJ9.eyJ1c2VySWQiOiJiYjBkNWQzZC05NWVkLTQyNDMtYTgzNi1hMGVkMGU1NGQwMzIiLCJ1c2VyU3RhdElkIjoiMiIsInVzZXJuYW1lIjoidml0eWEwNzE3Iiwicm9sZSI6IkFkbWluIiwidXNlclJlZ2RhdGUiOiIwMi8yNy8yMDI0IDAwOjAwOjAwIiwibmJmIjoxNzExMDQ0ODIwLCJleHAiOjE3MTExMzEyMjAsImlhdCI6MTcxMTA0NDgyMCwiaXNzIjoiYXV0aC1hcGkiLCJhdWQiOiJhdXRoLWNsaWVudCJ9.SZXBiTq9ff1X7xmg7SS4GtmFqM9Zc8_Tnj79cj6LTmM', '2024-03-22 18:13:40'),
('ddf3039d-e3ad-4262-b00b-487a977abf02', 'eyJhbGciOiJIUzI1NiIsInR5cCI6IkpXVCJ9.eyJ1c2VySWQiOiJiYjBkNWQzZC05NWVkLTQyNDMtYTgzNi1hMGVkMGU1NGQwMzIiLCJ1c2VyU3RhdElkIjoiMiIsInVzZXJuYW1lIjoidml0eWEwNzE3Iiwicm9sZSI6IkFkbWluIiwidXNlclJlZ2RhdGUiOiIwMi8yNy8yMDI0IDAwOjAwOjAwIiwibmJmIjoxNzExMDQxODE1LCJleHAiOjE3MTExMjgyMTUsImlhdCI6MTcxMTA0MTgxNSwiaXNzIjoiYXV0aC1hcGkiLCJhdWQiOiJhdXRoLWNsaWVudCJ9.zqhXifmH6xEUxkvFBgHq2VHxy5rXZWGFmaOLug9u7Hk', '2024-03-22 17:23:35'),
('de2d80b1-fe52-4e7e-b6fb-8212dbefb133', 'eyJhbGciOiJIUzI1NiIsInR5cCI6IkpXVCJ9.eyJ1c2VySWQiOiJiYjBkNWQzZC05NWVkLTQyNDMtYTgzNi1hMGVkMGU1NGQwMzIiLCJ1c2VyU3RhdElkIjoiMiIsInVzZXJuYW1lIjoidml0eWEwNzE3Iiwicm9sZSI6IkFkbWluIiwidXNlclJlZ2RhdGUiOiIwMi8yNy8yMDI0IDAwOjAwOjAwIiwibmJmIjoxNzExMDQ0MDMwLCJleHAiOjE3MTExMzA0MzAsImlhdCI6MTcxMTA0NDAzMCwiaXNzIjoiYXV0aC1hcGkiLCJhdWQiOiJhdXRoLWNsaWVudCJ9.S2cYA-3pZybcvPaefTlBRKTmwu8f5uuCF8CJPE5zicM', '2024-03-22 18:00:30'),
('df4af43b-6985-4589-8abe-fdaed9c83163', 'eyJhbGciOiJIUzI1NiIsInR5cCI6IkpXVCJ9.eyJ1c2VySWQiOiJiYjBkNWQzZC05NWVkLTQyNDMtYTgzNi1hMGVkMGU1NGQwMzIiLCJ1c2VybmFtZSI6InZpdHlhMDcxNyIsInJvbGUiOiJBZG1pbiIsInVzZXJSZWdkYXRlIjoiMDIvMjcvMjAyNCAxNzowNTo1OCIsIm5iZiI6MTcxMDc0NzM3OSwiZXhwIjoxNzEwODMzNzc5LCJpYXQiOjE3MTA3NDczNzksImlzcyI6ImF1dGgtYXBpIiwiYXVkIjoiYXV0aC1jbGllbnQifQ.pbHUJKL3dwf4ifZY7GrmHASXLYD2lN4TklLFw2Y0-i0', '2024-03-19 07:36:19'),
('e0679312-d663-4159-a1fc-4a7d276b773a', 'eyJhbGciOiJIUzI1NiIsInR5cCI6IkpXVCJ9.eyJ1c2VySWQiOiJiYjBkNWQzZC05NWVkLTQyNDMtYTgzNi1hMGVkMGU1NGQwMzIiLCJ1c2VyU3RhdElkIjoiMiIsInVzZXJuYW1lIjoidml0eWEwNzE3Iiwicm9sZSI6IkFkbWluIiwidXNlclJlZ2RhdGUiOiIwMi8yNy8yMDI0IDAwOjAwOjAwIiwibmJmIjoxNzExMDQyNzUxLCJleHAiOjE3MTExMjkxNTEsImlhdCI6MTcxMTA0Mjc1MSwiaXNzIjoiYXV0aC1hcGkiLCJhdWQiOiJhdXRoLWNsaWVudCJ9.GLOxS0_SYv8x2SliEP_UrXjTAjRCpp4pGgYyK-vOsy0', '2024-03-22 17:39:11'),
('e0e21880-6c4d-4078-be1c-f4acf1e4890d', 'eyJhbGciOiJIUzI1NiIsInR5cCI6IkpXVCJ9.eyJ1c2VySWQiOiJiYjBkNWQzZC05NWVkLTQyNDMtYTgzNi1hMGVkMGU1NGQwMzIiLCJ1c2VyU3RhdElkIjoiMiIsInVzZXJuYW1lIjoidml0eWEwNzE3Iiwicm9sZSI6IkFkbWluIiwidXNlclJlZ2RhdGUiOiIwMi8yNy8yMDI0IDAwOjAwOjAwIiwibmJmIjoxNzExMDMyOTcxLCJleHAiOjE3MTExMTkzNzEsImlhdCI6MTcxMTAzMjk3MSwiaXNzIjoiYXV0aC1hcGkiLCJhdWQiOiJhdXRoLWNsaWVudCJ9.tDg6doVnId0yAdpO4x1rLXO9VSkzwNTcqFb4CqBiOAY', '2024-03-22 14:56:11'),
('e5e38888-dbb2-463a-b805-f7dd5ef937b7', 'eyJhbGciOiJIUzI1NiIsInR5cCI6IkpXVCJ9.eyJ1c2VySWQiOiJiYjBkNWQzZC05NWVkLTQyNDMtYTgzNi1hMGVkMGU1NGQwMzIiLCJ1c2VyU3RhdElkIjoiMiIsInVzZXJuYW1lIjoidml0eWEwNzE3Iiwicm9sZSI6IkFkbWluIiwidXNlclJlZ2RhdGUiOiIwMi8yNy8yMDI0IDAwOjAwOjAwIiwibmJmIjoxNzExMDQ0MTMxLCJleHAiOjE3MTExMzA1MzEsImlhdCI6MTcxMTA0NDEzMSwiaXNzIjoiYXV0aC1hcGkiLCJhdWQiOiJhdXRoLWNsaWVudCJ9.aCZo3R9dZlTFaMNcoMG-vELY-tclmfzTlbqPQ7noEq8', '2024-03-22 18:02:11'),
('ed3a9502-ad0a-4f42-89f2-16e35a655e60', 'eyJhbGciOiJIUzI1NiIsInR5cCI6IkpXVCJ9.eyJ1c2VySWQiOiJiYjBkNWQzZC05NWVkLTQyNDMtYTgzNi1hMGVkMGU1NGQwMzIiLCJ1c2VyU3RhdElkIjoiMiIsInVzZXJuYW1lIjoidml0eWEwNzE3Iiwicm9sZSI6IkFkbWluIiwidXNlclJlZ2RhdGUiOiIwMi8yNy8yMDI0IDAwOjAwOjAwIiwibmJmIjoxNzExMDMyOTk5LCJleHAiOjE3MTExMTkzOTksImlhdCI6MTcxMTAzMjk5OSwiaXNzIjoiYXV0aC1hcGkiLCJhdWQiOiJhdXRoLWNsaWVudCJ9.lc28vs_bbh-kChpRYb2yU4LJ_x-TmhPSJw2RsvFgBQQ', '2024-03-22 14:56:39'),
('ee91b816-fc63-4cf0-b509-c2163023e272', 'eyJhbGciOiJIUzI1NiIsInR5cCI6IkpXVCJ9.eyJ1c2VySWQiOiJiYjBkNWQzZC05NWVkLTQyNDMtYTgzNi1hMGVkMGU1NGQwMzIiLCJ1c2VyU3RhdElkIjoiMiIsInVzZXJuYW1lIjoidml0eWEwNzE3Iiwicm9sZSI6IkFkbWluIiwidXNlclJlZ2RhdGUiOiIwMi8yNy8yMDI0IDAwOjAwOjAwIiwibmJmIjoxNzExMDMzOTg4LCJleHAiOjE3MTExMjAzODgsImlhdCI6MTcxMTAzMzk4OCwiaXNzIjoiYXV0aC1hcGkiLCJhdWQiOiJhdXRoLWNsaWVudCJ9.2F5M7fitwd5rxFPFZivr-lXy1pPeW_2UirKJOAuLJkE', '2024-03-22 15:13:08'),
('f1299f27-2183-483d-9251-79fc71d9c974', 'eyJhbGciOiJIUzI1NiIsInR5cCI6IkpXVCJ9.eyJ1c2VySWQiOiJiYjBkNWQzZC05NWVkLTQyNDMtYTgzNi1hMGVkMGU1NGQwMzIiLCJ1c2VyU3RhdElkIjoiMiIsInVzZXJuYW1lIjoidml0eWEwNzE3Iiwicm9sZSI6IkFkbWluIiwidXNlclJlZ2RhdGUiOiIwMi8yNy8yMDI0IDAwOjAwOjAwIiwibmJmIjoxNzExMDQ0NTkxLCJleHAiOjE3MTExMzA5OTEsImlhdCI6MTcxMTA0NDU5MSwiaXNzIjoiYXV0aC1hcGkiLCJhdWQiOiJhdXRoLWNsaWVudCJ9.nfQKpa2xTiERxtKTAdZzIRX8XMl71xZKHfG9nyFEKTc', '2024-03-22 18:09:51'),
('f58816a3-95d8-4a97-ae53-e343b8dca738', 'eyJhbGciOiJIUzI1NiIsInR5cCI6IkpXVCJ9.eyJ1c2VySWQiOiJiYjBkNWQzZC05NWVkLTQyNDMtYTgzNi1hMGVkMGU1NGQwMzIiLCJ1c2VyU3RhdElkIjoiMiIsInVzZXJuYW1lIjoidml0eWEwNzE3Iiwicm9sZSI6IkFkbWluIiwidXNlclJlZ2RhdGUiOiIwMi8yNy8yMDI0IDAwOjAwOjAwIiwibmJmIjoxNzExMDQzOTUzLCJleHAiOjE3MTExMzAzNTMsImlhdCI6MTcxMTA0Mzk1MywiaXNzIjoiYXV0aC1hcGkiLCJhdWQiOiJhdXRoLWNsaWVudCJ9.Zgt-yQDf9818m_qOw5BJNsLa9YlLlBr7b4SHflhLS6A', '2024-03-22 17:59:13'),
('f777f2f8-8159-41e4-a2b1-08997d8ed175', 'eyJhbGciOiJIUzI1NiIsInR5cCI6IkpXVCJ9.eyJ1c2VySWQiOiJiYjBkNWQzZC05NWVkLTQyNDMtYTgzNi1hMGVkMGU1NGQwMzIiLCJ1c2VyU3RhdElkIjoiMiIsInVzZXJuYW1lIjoidml0eWEwNzE3Iiwicm9sZSI6IkFkbWluIiwidXNlclJlZ2RhdGUiOiIwMi8yNy8yMDI0IDAwOjAwOjAwIiwibmJmIjoxNzExMDQxODgwLCJleHAiOjE3MTExMjgyODAsImlhdCI6MTcxMTA0MTg4MCwiaXNzIjoiYXV0aC1hcGkiLCJhdWQiOiJhdXRoLWNsaWVudCJ9.F2aaFg2SE0m-33w35gq6LaH7jRZYt5VEYVBzVlbBlzA', '2024-03-22 17:24:40'),
('f9e5816b-8240-49f3-b8cd-3ef09090af92', 'eyJhbGciOiJIUzI1NiIsInR5cCI6IkpXVCJ9.eyJ1c2VySWQiOiI0MmU1NTA3Yi1hOGExLTQyMDYtYjY4Mi02OTI5NDIxMzA5MWQiLCJ1c2VybmFtZSI6InZpdHlhMDcxOSIsInJvbGUiOiJVc2VyIiwidXNlclJlZ2RhdGUiOiIwMy8xOC8yMDI0IDA3OjE1OjA4IiwibmJmIjoxNzEwNzQ2MTg0LCJleHAiOjE3MTA4MzI1ODQsImlhdCI6MTcxMDc0NjE4NCwiaXNzIjoiYXV0aC1hcGkiLCJhdWQiOiJhdXRoLWNsaWVudCJ9.MQQmNT3NfZ_ABQZoBgUR4MfQfMLoupar8jTaCja75GM', '2024-03-19 07:16:24');

-- --------------------------------------------------------

--
-- Tábla szerkezet ehhez a táblához `logged_in_users`
--

DROP TABLE IF EXISTS `logged_in_users`;
CREATE TABLE `logged_in_users` (
  `userid` varchar(254) NOT NULL,
  `token` text NOT NULL
) ENGINE=InnoDB DEFAULT CHARSET=utf8mb4 COLLATE=utf8mb4_general_ci;

--
-- A tábla adatainak kiíratása `logged_in_users`
--

INSERT INTO `logged_in_users` (`userid`, `token`) VALUES
('42e5507b-a8a1-4206-b682-69294213091d', 'eyJhbGciOiJIUzI1NiIsInR5cCI6IkpXVCJ9.eyJ1c2VySWQiOiI0MmU1NTA3Yi1hOGExLTQyMDYtYjY4Mi02OTI5NDIxMzA5MWQiLCJ1c2VybmFtZSI6InZpdHlhMDcxOSIsInJvbGUiOiJVc2VyIiwidXNlclJlZ2RhdGUiOiIwMy8xOC8yMDI0IDA3OjE1OjA4IiwibmJmIjoxNzEwNzQ2ODI3LCJleHAiOjE3MTA4MzMyMjcsImlhdCI6MTcxMDc0NjgyNywiaXNzIjoiYXV0aC1hcGkiLCJhdWQiOiJhdXRoLWNsaWVudCJ9.zc-3GfKQofghb63Pj-ito69AiXtWY7lgwbo7RINTPzE'),
('bb0d5d3d-95ed-4243-a836-a0ed0e54d032', 'eyJhbGciOiJIUzI1NiIsInR5cCI6IkpXVCJ9.eyJ1c2VySWQiOiJiYjBkNWQzZC05NWVkLTQyNDMtYTgzNi1hMGVkMGU1NGQwMzIiLCJ1c2VyU3RhdElkIjoiMiIsInVzZXJuYW1lIjoidml0eWEwNzE3Iiwicm9sZSI6IkFkbWluIiwidXNlclJlZ2RhdGUiOiIwMi8yNy8yMDI0IDAwOjAwOjAwIiwibmJmIjoxNzExMDQ2ODMzLCJleHAiOjE3MTExMzMyMzMsImlhdCI6MTcxMTA0NjgzMywiaXNzIjoiYXV0aC1hcGkiLCJhdWQiOiJhdXRoLWNsaWVudCJ9.l-S4zKGFrE5CnbO1IvFmjc4UMkC-XOnCROIIaj4vyDk');

-- --------------------------------------------------------

--
-- Tábla szerkezet ehhez a táblához `registered_users`
--

DROP TABLE IF EXISTS `registered_users`;
CREATE TABLE `registered_users` (
  `userid` varchar(254) CHARACTER SET utf8 COLLATE utf8_hungarian_ci NOT NULL,
  `username` varchar(64) CHARACTER SET utf8 COLLATE utf8_hungarian_ci NOT NULL,
  `fullname` varchar(254) CHARACTER SET utf8 COLLATE utf8_hungarian_ci NOT NULL,
  `email` varchar(64) CHARACTER SET utf8 COLLATE utf8_hungarian_ci NOT NULL,
  `hash` text CHARACTER SET utf8 COLLATE utf8_hungarian_ci NOT NULL,
  `is_logged_in` tinyint(1) NOT NULL,
  `regdate` datetime NOT NULL,
  `roleid` int(11) NOT NULL DEFAULT 2,
  `change_password_confirmation_key` text DEFAULT NULL
) ENGINE=InnoDB DEFAULT CHARSET=utf8mb4 COLLATE=utf8mb4_hungarian_ci;

--
-- A tábla adatainak kiíratása `registered_users`
--

INSERT INTO `registered_users` (`userid`, `username`, `fullname`, `email`, `hash`, `is_logged_in`, `regdate`, `roleid`, `change_password_confirmation_key`) VALUES
('42e5507b-a8a1-4206-b682-69294213091d', 'vitya0718', 'Tóth Viktor', 'xdddd@gmail.hu', '$2a$11$MyJu5prEL6ALNKCBFhF2V.2AGb2pV2a8YKSZJZGKyqPhhWkYOb.be', 1, '2024-03-18 00:00:00', 2, NULL),
('80bdf787-690a-4764-8429-257f6188e528', 'vitya0719', 'Viktor', 'tothv2@kkszki.hu', '$2a$11$/eacFNyouVPCZRPiVsqqFudCVdTLXo0tXR2goSUvXW7EkbmTROhOW', 0, '0001-01-01 00:00:00', 4, NULL),
('8bd7f049-7127-42fb-ad05-ec5c8d741d11', 'vitya0720', 'Viktor2', 'asdasd@gmail.hu', '$2a$11$suQSSJE9Lw.ftL/OSrOlJ.V9HbMpL/Niri6NqnSgTTIcotNkJCgl.', 0, '2024-03-21 00:00:00', 4, NULL),
('bb0d5d3d-95ed-4243-a836-a0ed0e54d032', 'vitya0717', 'NincsNeve', 'tothv@kkszki.hu', '$2a$11$O8K/izNpTKxIFIudTNPNZe0LOyoTpsC13dEXjeut6CZSazQJyRt3W', 1, '2024-02-27 00:00:00', 1, NULL);

--
-- Eseményindítók `registered_users`
--
DROP TRIGGER IF EXISTS `deleteUserFromLoggedIn`;
DELIMITER $$
CREATE TRIGGER `deleteUserFromLoggedIn` AFTER DELETE ON `registered_users` FOR EACH ROW DELETE FROM logged_in_users WHERE logged_in_users.userid = OLD.userid
$$
DELIMITER ;

-- --------------------------------------------------------

--
-- Tábla szerkezet ehhez a táblához `registry`
--

DROP TABLE IF EXISTS `registry`;
CREATE TABLE `registry` (
  `temp_userid` varchar(254) NOT NULL,
  `temp_username` varchar(64) CHARACTER SET utf8 COLLATE utf8_hungarian_ci NOT NULL,
  `temp_fullname` varchar(254) CHARACTER SET utf8 COLLATE utf8_hungarian_ci NOT NULL,
  `temp_email` varchar(64) CHARACTER SET utf8 COLLATE utf8_hungarian_ci NOT NULL,
  `temp_hash` text CHARACTER SET utf8 COLLATE utf8_hungarian_ci NOT NULL,
  `temp_regdate` datetime NOT NULL,
  `temp_roleid` int(11) DEFAULT NULL,
  `temp_user_expire` datetime NOT NULL,
  `temp_confirmation_key` text NOT NULL
) ENGINE=InnoDB DEFAULT CHARSET=utf8mb4 COLLATE=utf8mb4_hungarian_ci;

-- --------------------------------------------------------

--
-- Tábla szerkezet ehhez a táblához `roles`
--

DROP TABLE IF EXISTS `roles`;
CREATE TABLE `roles` (
  `roleid` int(11) NOT NULL,
  `role_name` varchar(64) NOT NULL
) ENGINE=InnoDB DEFAULT CHARSET=utf8mb4 COLLATE=utf8mb4_hungarian_ci;

--
-- A tábla adatainak kiíratása `roles`
--

INSERT INTO `roles` (`roleid`, `role_name`) VALUES
(1, 'Admin'),
(2, 'User'),
(4, 'Vip');

-- --------------------------------------------------------

--
-- Tábla szerkezet ehhez a táblához `temp_roles`
--

DROP TABLE IF EXISTS `temp_roles`;
CREATE TABLE `temp_roles` (
  `temp_role_id` int(11) NOT NULL,
  `role_name` varchar(16) NOT NULL
) ENGINE=InnoDB DEFAULT CHARSET=utf8mb4 COLLATE=utf8mb4_hungarian_ci;

--
-- A tábla adatainak kiíratása `temp_roles`
--

INSERT INTO `temp_roles` (`temp_role_id`, `role_name`) VALUES
(1, 'Temp');

--
-- Indexek a kiírt táblákhoz
--

--
-- A tábla indexei `blacklisted_tokens`
--
ALTER TABLE `blacklisted_tokens`
  ADD PRIMARY KEY (`token_id`),
  ADD UNIQUE KEY `token` (`token`) USING HASH;

--
-- A tábla indexei `logged_in_users`
--
ALTER TABLE `logged_in_users`
  ADD PRIMARY KEY (`userid`);

--
-- A tábla indexei `registered_users`
--
ALTER TABLE `registered_users`
  ADD PRIMARY KEY (`userid`),
  ADD UNIQUE KEY `email` (`email`),
  ADD UNIQUE KEY `username` (`username`),
  ADD KEY `roleid` (`roleid`);

--
-- A tábla indexei `registry`
--
ALTER TABLE `registry`
  ADD PRIMARY KEY (`temp_userid`),
  ADD UNIQUE KEY `temp_email` (`temp_email`),
  ADD UNIQUE KEY `temp_username` (`temp_username`),
  ADD KEY `temp_roleid` (`temp_roleid`);

--
-- A tábla indexei `roles`
--
ALTER TABLE `roles`
  ADD PRIMARY KEY (`roleid`),
  ADD UNIQUE KEY `role_name` (`role_name`);

--
-- A tábla indexei `temp_roles`
--
ALTER TABLE `temp_roles`
  ADD PRIMARY KEY (`temp_role_id`);

--
-- A kiírt táblák AUTO_INCREMENT értéke
--

--
-- AUTO_INCREMENT a táblához `roles`
--
ALTER TABLE `roles`
  MODIFY `roleid` int(11) NOT NULL AUTO_INCREMENT, AUTO_INCREMENT=13;

--
-- AUTO_INCREMENT a táblához `temp_roles`
--
ALTER TABLE `temp_roles`
  MODIFY `temp_role_id` int(11) NOT NULL AUTO_INCREMENT, AUTO_INCREMENT=2;

--
-- Megkötések a kiírt táblákhoz
--

--
-- Megkötések a táblához `registered_users`
--
ALTER TABLE `registered_users`
  ADD CONSTRAINT `registered_users_ibfk_2` FOREIGN KEY (`roleid`) REFERENCES `roles` (`roleid`);

--
-- Megkötések a táblához `registry`
--
ALTER TABLE `registry`
  ADD CONSTRAINT `registry_ibfk_1` FOREIGN KEY (`temp_roleid`) REFERENCES `temp_roles` (`temp_role_id`);

DELIMITER $$
--
-- Események
--
DROP EVENT IF EXISTS `deleteExpiredTempUsers`$$
CREATE DEFINER=`root`@`localhost` EVENT `deleteExpiredTempUsers` ON SCHEDULE EVERY 1 HOUR STARTS '2024-02-19 08:42:52' ON COMPLETION NOT PRESERVE ENABLE COMMENT 'Delete expired temp users' DO DELETE FROM registry WHERE registry.temp_user_expire < NOW()$$

DROP EVENT IF EXISTS `deleteExpiredTokens`$$
CREATE DEFINER=`root`@`localhost` EVENT `deleteExpiredTokens` ON SCHEDULE EVERY 1 HOUR STARTS '2024-02-19 08:42:52' ON COMPLETION NOT PRESERVE ENABLE COMMENT 'Clears out sessions table each hour.' DO DELETE FROM blacklisted_tokens WHERE blacklisted_tokens.blacklisted_status_expires < NOW()$$

DELIMITER ;
--
-- Adatbázis: `game`
--
DROP DATABASE IF EXISTS `game`;
CREATE DATABASE IF NOT EXISTS `game` DEFAULT CHARACTER SET utf8mb4 COLLATE utf8mb4_general_ci;
USE `game`;

-- --------------------------------------------------------

--
-- Tábla szerkezet ehhez a táblához `achievements`
--

DROP TABLE IF EXISTS `achievements`;
CREATE TABLE `achievements` (
  `id` int(11) NOT NULL,
  `achievement_name` char(255) NOT NULL
) ENGINE=InnoDB DEFAULT CHARSET=utf8mb4 COLLATE=utf8mb4_hungarian_ci;

--
-- A tábla adatainak kiíratása `achievements`
--

INSERT INTO `achievements` (`id`, `achievement_name`) VALUES
(1, 'First time play'),
(2, 'First time died'),
(3, 'First Kill');

-- --------------------------------------------------------

--
-- Tábla szerkezet ehhez a táblához `roles`
--

DROP TABLE IF EXISTS `roles`;
CREATE TABLE `roles` (
  `id` int(11) NOT NULL,
  `role_name` char(32) NOT NULL
) ENGINE=InnoDB DEFAULT CHARSET=utf8mb4 COLLATE=utf8mb4_hungarian_ci;

--
-- A tábla adatainak kiíratása `roles`
--

INSERT INTO `roles` (`id`, `role_name`) VALUES
(1, 'Admin'),
(2, 'User'),
(4, 'Vip');

-- --------------------------------------------------------

--
-- Tábla szerkezet ehhez a táblához `user`
--

DROP TABLE IF EXISTS `user`;
CREATE TABLE `user` (
  `id` varchar(254) NOT NULL,
  `username` char(32) NOT NULL,
  `email` char(64) NOT NULL,
  `regdate` datetime NOT NULL,
  `lastlogin` datetime NOT NULL,
  `roleid` int(11) NOT NULL,
  `user_stats_id` int(11) NOT NULL
) ENGINE=InnoDB DEFAULT CHARSET=utf8mb4 COLLATE=utf8mb4_hungarian_ci;

--
-- A tábla adatainak kiíratása `user`
--

INSERT INTO `user` (`id`, `username`, `email`, `regdate`, `lastlogin`, `roleid`, `user_stats_id`) VALUES
('42e5507b-a8a1-4206-b682-69294213091d', 'vitya0718', 'xdddd@gmail.hu', '2024-03-18 00:00:00', '2024-03-18 08:27:07', 2, 3),
('80bdf787-690a-4764-8429-257f6188e528', 'vitya0719', 'tothv2@kkszki.hu', '0001-01-01 00:00:00', '0001-01-01 00:00:00', 4, 4),
('8bd7f049-7127-42fb-ad05-ec5c8d741d11', 'vitya0720', 'asdasd@gmail.hu', '2024-03-21 00:00:00', '0001-01-01 00:00:00', 4, 5),
('bb0d5d3d-95ed-4243-a836-a0ed0e54d032', 'vitya0717', 'tothv@kkszki.hu', '2024-02-27 00:00:00', '2024-03-21 19:47:13', 1, 2);

-- --------------------------------------------------------

--
-- Tábla szerkezet ehhez a táblához `userstats`
--

DROP TABLE IF EXISTS `userstats`;
CREATE TABLE `userstats` (
  `user_stat_id` int(11) NOT NULL,
  `kills` int(11) NOT NULL,
  `highestKillCount` int(11) NOT NULL,
  `deaths` int(11) NOT NULL,
  `highestLevel` int(11) NOT NULL,
  `timesplayed` int(11) NOT NULL
) ENGINE=InnoDB DEFAULT CHARSET=utf8mb4 COLLATE=utf8mb4_hungarian_ci;

--
-- A tábla adatainak kiíratása `userstats`
--

INSERT INTO `userstats` (`user_stat_id`, `kills`, `highestKillCount`, `deaths`, `highestLevel`, `timesplayed`) VALUES
(2, 500000, 20, 20, 20, 0),
(3, 20000, 30300, 2, 300, 30),
(4, 2455, 12244, 40, 30, 5),
(5, 30000, 2564, 37, 122, 67);

-- --------------------------------------------------------

--
-- Tábla szerkezet ehhez a táblához `user_achievements`
--

DROP TABLE IF EXISTS `user_achievements`;
CREATE TABLE `user_achievements` (
  `achievement_id` int(11) NOT NULL,
  `userid` varchar(254) NOT NULL
) ENGINE=InnoDB DEFAULT CHARSET=utf8mb4 COLLATE=utf8mb4_hungarian_ci;

--
-- A tábla adatainak kiíratása `user_achievements`
--

INSERT INTO `user_achievements` (`achievement_id`, `userid`) VALUES
(13, '42e5507b-a8a1-4206-b682-69294213091d'),
(14, '42e5507b-a8a1-4206-b682-69294213091d'),
(11, 'bb0d5d3d-95ed-4243-a836-a0ed0e54d032'),
(12, 'bb0d5d3d-95ed-4243-a836-a0ed0e54d032');

-- --------------------------------------------------------

--
-- Tábla szerkezet ehhez a táblához `user_achievement_details`
--

DROP TABLE IF EXISTS `user_achievement_details`;
CREATE TABLE `user_achievement_details` (
  `achievement_detail_id` int(11) NOT NULL,
  `achievement_id` int(11) NOT NULL,
  `user_achievement_id` int(11) NOT NULL,
  `achievement_date` datetime NOT NULL
) ENGINE=InnoDB DEFAULT CHARSET=utf8mb4 COLLATE=utf8mb4_hungarian_ci;

--
-- A tábla adatainak kiíratása `user_achievement_details`
--

INSERT INTO `user_achievement_details` (`achievement_detail_id`, `achievement_id`, `user_achievement_id`, `achievement_date`) VALUES
(9, 1, 13, '2024-03-18 09:42:20'),
(10, 2, 14, '2024-03-18 09:42:20');

--
-- Indexek a kiírt táblákhoz
--

--
-- A tábla indexei `achievements`
--
ALTER TABLE `achievements`
  ADD PRIMARY KEY (`id`);

--
-- A tábla indexei `roles`
--
ALTER TABLE `roles`
  ADD PRIMARY KEY (`id`);

--
-- A tábla indexei `user`
--
ALTER TABLE `user`
  ADD PRIMARY KEY (`id`),
  ADD UNIQUE KEY `email` (`email`),
  ADD UNIQUE KEY `username` (`username`),
  ADD KEY `User_fk0` (`roleid`),
  ADD KEY `user_stats_id` (`user_stats_id`);

--
-- A tábla indexei `userstats`
--
ALTER TABLE `userstats`
  ADD PRIMARY KEY (`user_stat_id`);

--
-- A tábla indexei `user_achievements`
--
ALTER TABLE `user_achievements`
  ADD PRIMARY KEY (`achievement_id`),
  ADD KEY `userid` (`userid`);

--
-- A tábla indexei `user_achievement_details`
--
ALTER TABLE `user_achievement_details`
  ADD PRIMARY KEY (`achievement_detail_id`),
  ADD KEY `UserAchievements_fk0` (`achievement_id`),
  ADD KEY `achi_connect_id` (`user_achievement_id`);

--
-- A kiírt táblák AUTO_INCREMENT értéke
--

--
-- AUTO_INCREMENT a táblához `achievements`
--
ALTER TABLE `achievements`
  MODIFY `id` int(11) NOT NULL AUTO_INCREMENT, AUTO_INCREMENT=13;

--
-- AUTO_INCREMENT a táblához `roles`
--
ALTER TABLE `roles`
  MODIFY `id` int(11) NOT NULL AUTO_INCREMENT, AUTO_INCREMENT=13;

--
-- AUTO_INCREMENT a táblához `userstats`
--
ALTER TABLE `userstats`
  MODIFY `user_stat_id` int(11) NOT NULL AUTO_INCREMENT, AUTO_INCREMENT=7;

--
-- AUTO_INCREMENT a táblához `user_achievements`
--
ALTER TABLE `user_achievements`
  MODIFY `achievement_id` int(11) NOT NULL AUTO_INCREMENT, AUTO_INCREMENT=15;

--
-- AUTO_INCREMENT a táblához `user_achievement_details`
--
ALTER TABLE `user_achievement_details`
  MODIFY `achievement_detail_id` int(11) NOT NULL AUTO_INCREMENT, AUTO_INCREMENT=11;

--
-- Megkötések a kiírt táblákhoz
--

--
-- Megkötések a táblához `user`
--
ALTER TABLE `user`
  ADD CONSTRAINT `User_fk0` FOREIGN KEY (`roleid`) REFERENCES `roles` (`id`),
  ADD CONSTRAINT `user_ibfk_1` FOREIGN KEY (`user_stats_id`) REFERENCES `userstats` (`user_stat_id`) ON DELETE CASCADE ON UPDATE CASCADE;

--
-- Megkötések a táblához `user_achievements`
--
ALTER TABLE `user_achievements`
  ADD CONSTRAINT `user_achievements_ibfk_1` FOREIGN KEY (`userid`) REFERENCES `user` (`id`) ON DELETE CASCADE;

--
-- Megkötések a táblához `user_achievement_details`
--
ALTER TABLE `user_achievement_details`
  ADD CONSTRAINT `user_achievement_details_ibfk_1` FOREIGN KEY (`user_achievement_id`) REFERENCES `user_achievements` (`achievement_id`) ON DELETE CASCADE,
  ADD CONSTRAINT `user_achievement_details_ibfk_2` FOREIGN KEY (`achievement_id`) REFERENCES `achievements` (`id`) ON DELETE CASCADE;
COMMIT;

/*!40101 SET CHARACTER_SET_CLIENT=@OLD_CHARACTER_SET_CLIENT */;
/*!40101 SET CHARACTER_SET_RESULTS=@OLD_CHARACTER_SET_RESULTS */;
/*!40101 SET COLLATION_CONNECTION=@OLD_COLLATION_CONNECTION */;
